Species	Gene	Allele	AccNum	Functionality	aa_seq																					
Homosap	TRAJ10	TRAJ10*01	M94081	F	ILTGGGNKLTFGTGTQLKVEL																					
Homosap	TRAJ11	TRAJ11*01	M94081	F	NSGYSTLTFGKGTMLLVSP																					
Homosap	TRAJ12	TRAJ12*01	X02885	F	MDSSYKLIFGSGTRLLVRP																					
Homosap	TRAJ13	TRAJ13*01	M94081	F	NSGGYQKVTFGIGTKLQVIP																					
Homosap	TRAJ13	TRAJ13*02	AB258131	F	NSGGYQKVTFGTGTKLQVIP																					
Homosap	TRAJ14	TRAJ14*01	M94081	F	IYSTFIFGSGTRLSVKP																					
Homosap	TRAJ15	TRAJ15*01	X05775	F	NQAGTALIFGKGTTLSVSS																					
Homosap	TRAJ15	TRAJ15*02	M94081	F	NQAGTALIFGKGTHLSVSS																					
Homosap	TRAJ16	TRAJ16*01	M94081	F	FSDGQKLLFARGTMLKVDL																					
Homosap	TRAJ16	TRAJ16*02	IMGT000024	F	FSDGQKLLFARGTMLKVDL																					
Homosap	TRAJ17	TRAJ17*01	X05773	F	IKAAGNKLTFGGGTRVLVKP																					
Homosap	TRAJ18	TRAJ18*01	M94081	F	DRGSTLGRLYFGRGTQLTVWP																					
Homosap	TRAJ20	TRAJ20*01	M94081	F	SNDYKLSFGAGTTVTVRA																					
Homosap	TRAJ21	TRAJ21*01	M94081	F	YNFNKFYFGSGTKLNVKP																					
Homosap	TRAJ22	TRAJ22*01	X02886	F	SSGSARQLTFGSGTQLTVLP																					
Homosap	TRAJ23	TRAJ23*01	M94081	F	IYNQGGKLIFGQGTELSVKP																					
Homosap	TRAJ23	TRAJ23*02	X58763	F	IYNQGGKLIFGQGTELSVKP																					
Homosap	TRAJ24	TRAJ24*01	X02887	F	TTDSWGKFEFGAGTQVVVTP																					
Homosap	TRAJ24	TRAJ24*02	M94081	F	TTDSWGKLQFGAGTQVVVTP																					
Homosap	TRAJ24	TRAJ24*03	IMGT000024	F	TTDSWGKFQFGAGTQVVVTP																					
Homosap	TRAJ26	TRAJ26*01	M94081	F	DNYGQNFVFGPGTRLSVLP																					
Homosap	TRAJ27	TRAJ27*01	M94081	F	NTNAGKSTFGDGTTLTVKP																					
Homosap	TRAJ28	TRAJ28*01	M94081	F	YSGAGSYQLTFGKGTKLSVIP																					
Homosap	TRAJ29	TRAJ29*01	M94081	F	NSGNTPLVFGKGTRLSVIA																					
Homosap	TRAJ3	TRAJ3*01	X02884	F	GYSSASKIIFGSGTRLSIRP																					
Homosap	TRAJ30	TRAJ30*01	M94081	F	NRDDKIIFGKGTRLHILP																					
Homosap	TRAJ31	TRAJ31*01	M94081	F	NNNARLMFGDGTQLVVKP																					
Homosap	TRAJ32	TRAJ32*01	M94081	F	NYGGATNKLIFGTGTLLAVQP																					
Homosap	TRAJ32	TRAJ32*02	IMGT000024	F	NYGGATNKLIFGTGTLLAVQP																					
Homosap	TRAJ33	TRAJ33*01	M94081	F	DSNYQLIWGAGTKLIIKP																					
Homosap	TRAJ34	TRAJ34*01	M35622	F	SYNTDKLIFGTGTRLQVFP																					
Homosap	TRAJ35	TRAJ35*01	M94081	F	IGFGNVLHCGSGTQVIVLP																					
Homosap	TRAJ36	TRAJ36*01	M94081	F	QTGANNLFFGTGTRLTVIP																					
Homosap	TRAJ37	TRAJ37*01	M94081	F	GSGNTGKLIFGQGTTLQVKP																					
Homosap	TRAJ37	TRAJ37*02	IMGT000024	F	GSSNTGKLIFGQGTTLQVKP																					
Homosap	TRAJ38	TRAJ38*01	M94081	F	NAGNNRKLIWGLGTSLAVNP																					
Homosap	TRAJ39	TRAJ39*01	M94081	F	NNNAGNMLTFGGGTRLMVKP																					
Homosap	TRAJ4	TRAJ4*01	M94081	F	FSGGYNKLIFGAGTRLAVHP																					
Homosap	TRAJ40	TRAJ40*01	M35620	F	TTSGTYKYIFGTGTRLKVLA																					
Homosap	TRAJ41	TRAJ41*01	M94081	F	NSNSGYALNFGKGTSLLVTP																					
Homosap	TRAJ42	TRAJ42*01	M94081	F	NYGGSQGNLIFGKGTKLSVKP																					
Homosap	TRAJ43	TRAJ43*01	M94081	F	NNNDMRFGAGTRLTVKP																					
Homosap	TRAJ44	TRAJ44*01	M35619	F	NTGTASKLTFGTGTRLQVTL																					
Homosap	TRAJ45	TRAJ45*01	M94081	F	YSGGGADGLTFGKGTHLIIQP																					
Homosap	TRAJ46	TRAJ46*01	M94081	F	KKSSGDKLTFGTGTRLAVRP																					
Homosap	TRAJ47	TRAJ47*01	M94081	F	EYGNKLVFGAGTILRVKS																					
Homosap	TRAJ47	TRAJ47*02	AF033825	(F)	EYGNKLVFGAGTILRVKS																					
Homosap	TRAJ48	TRAJ48*01	M94081	F	SNFGNEKLTFGTGTRLTIIP																					
Homosap	TRAJ49	TRAJ49*01	M94081	F	NTGNQFYFGTGTSLTVIP																					
Homosap	TRAJ5	TRAJ5*01	M94081	F	DTGRRALTFGSGTRLQVQP																					
Homosap	TRAJ50	TRAJ50*01	M94081	F	KTSYDKVIFGPGTSLSVIP																					
Homosap	TRAJ52	TRAJ52*01	M94081	F	NAGGTSYGKLTFGQGTILTVH																					P
Homosap	TRAJ53	TRAJ53*01	M94081	F	NSGGSNYKLTFGKGTLLTVNP																					
Homosap	TRAJ54	TRAJ54*01	M94081	F	IQGAQKLVFGQGTRLTINP																					
Homosap	TRAJ56	TRAJ56*01	M94081	F	YTGANSKLTFGKGITLSVRP																					
Homosap	TRAJ57	TRAJ57*01	M94081	F	TQGGSEKLVFGKGTKLTVNP																					
Homosap	TRAJ6	TRAJ6*01	M16747	F	ASGGSYIPTFGRGTSLIVHP																					
Homosap	TRAJ7	TRAJ7*01	M94081	F	DYGNNRLAFGKGNQVVVIP																					
Homosap	TRAJ8	TRAJ8*01	M94081	F	NTGFQKLVFGTGTRLLVSP																					
Homosap	TRAJ9	TRAJ9*01	M94081	F	GNTGGFKTIFGAGTRLFVKA																					