Species	Gene	Allele	AccNum	Functionality	nt_seq
Homosap	TRAV1-1	TRAV1-1*01	AE000658	F	ggacaaagccttgagcagccctctgaagtgacagctgtggaaggagccattgtccagataaactgcacgtaccagacatctgggttttatgggctgtcctggtaccagcaacatgatggcggagcacccacatttctttcttacaatgctctggatggtttggaggagacaggtcgtttttcttcattccttagtcgctctgatagttatggttacctccttctacaggagctccagatgaaagactctgcctcttacttctgcgctgtgagaga
Homosap	TRAV1-1	TRAV1-1*02	X04939	(F)	ggacaaagccttgagcagccctctgaagtgacagctgtggaaggagccattgtccagataaactgcacgtaccagacatctgggttttatgggctgtcctggtaccagcaacatgatggcggagcacccacatttctttcttacaatggtctggatggtttggaggagacaggtcgtttttcttcattccttagtcgctctgatagttatggttacctccttctacaggagctccagatgaaagactctgcctcttacttctgcgctgt
Homosap	TRAV1-2	TRAV1-2*01	AE000658	F	ggacaaaacattgaccagcccactgagatgacagctacggaaggtgccattgtccagatcaactgcacgtaccagacatctgggttcaacgggctgttctggtaccagcaacatgctggcgaagcacccacatttctgtcttacaatgttctggatggtttggaggagaaaggtcgtttttcttcattccttagtcggtctaaagggtacagttacctccttttgaaggagctccagatgaaagactctgcctcttacctctgtgctgtgagaga
Homosap	TRAV1-2	TRAV1-2*02	U32544	[F]	ggacaaaacattgaccagcccactgagatgacagctacggaaggtgccattgtccagatcaactgcacgtaccagacatctgggttcaacgggctgttctggtaccagcaacatgctggcgaagcacccacatttctgtcttacaatgttctggatggtctggaggagaaaggtcg
Homosap	TRAV1-2	TRAV1-2*03	IMGT000024	F	ggacaaaacattgaccagcccactgagatgacagctacggaaggtgccattgtccagatcaactgcacgtaccagacatctgggttcaacgggctgttctggtaccagcaacatgctggcgaagcacctacatttctgtcttacaatgttctggatggtttggaggagaaaggtcgtttttcttcattccttagtcggtctaaagggtacagttacctccttttgaaggagctccagatgaaagactctgcctcttacctctgtgctgtgagaga
Homosap	TRAV10	TRAV10*01	AE000659	F	aaaaaccaagtggagcagagtcctcagtccctgatcatcctggagggaaagaactgcactcttcaatgcaattatacagtgagccccttcagcaacttaaggtggtataagcaagatactgggagaggtcctgtttccctgacaatcatgactttcagtgagaacacaaagtcgaacggaagatatacagcaactctggatgcagacacaaagcaaagctctctgcacatcacagcctcccagctcagcgattcagcctcctacatctgtgtggtgagcg
Homosap	TRAV10	TRAV10*02	IMGT000024	F	aaaaaccaagtggagcagagtcctcagtccctgatcatcctggagggaaagaactgcactcttcaatgcaattatacagtgagccccttcagcaacttaaggtggtataagcaagatacggggagaggtcctgtttccctgacaatcatgactttcagtgagaacacaaagtcgaacggaagatatacagcaactctggatgcagacacaaagcaaagctctctgcacatcacagcctcccagctcagcgattcagcctcctacatctgtgtggtgagcg
Homosap	TRAV12-1	TRAV12-1*01	AE000659	F	cggaaggaggtggagcaggatcctggacccttcaatgttccagagggagccactgtcgctttcaactgtacttacagcaacagtgcttctcagtctttcttctggtacagacaggattgcaggaaagaacctaagttgctgatgtccgtatactccagtggtaatgaagatggaaggtttacagcacagctcaatagagccagccagtatatttccctgctcatcagagactccaagctcagtgattcagccacctacctctgtgtggtgaaca
Homosap	TRAV12-1	TRAV12-1*02	M17657	(F)	cggaaggaggtggagcaggatcctggacccttcaatgttccagagggagccactgtcgctttcaactgtacttacagcaacagtgcttctcagtctttcttctggtacagacaggattgcaggaaagaacctaagttgctgatgtccgtatactccagtggtaatgaagatggaaggtttacagcacacgtcaatagagccagccagtatatttccctgctcatcagagactccaagctcagtgattcagccacctacctctgtgtggtgaaca
Homosap	TRAV12-2	TRAV12-2*01	AE000659	F	cagaaggaggtggagcagaattctggacccctcagtgttccagagggagccattgcctctctcaactgcacttacagtgaccgaggttcccagtccttcttctggtacagacaatattctgggaaaagccctgagttgataatgttcatatactccaatggtgacaaagaagatggaaggtttacagcacagctcaataaagccagccagtatgtttctctgctcatcagagactcccagcccagtgattcagccacctacctctgtgccgtgaaca
Homosap	TRAV12-2	TRAV12-2*02	M81774	(F)	cagaaggaggtggagcagaattctggacccctcagtgttccagagggagccattgcctctctcaactgcacttacagtgaccgaggttcccagtccttcttctggtacagacaatattctgggaaaagccctgagttgataatgtccatatactccaatggtgacaaagaagatggaaggtttacagcacagctcaataaagccagccagtatgtttctctgctcatcagagactcccagcccagtgattcagccacctacctctgtgccgtg
Homosap	TRAV12-2	TRAV12-2*03	X04946	(F)	ggacccctcagtgttccagagggagccattgcctctctcaactgcacttacagtgaccgagtttcccagtccttcttctggtacagacaatattctgggaaaagccctgagttgataatgtccatatactccaatggtgacaaagaagatggaaggtttacagcacagctcaataaagccagccagtatgtttctctgctcatcagagactcccagcccagtgattcagccacctacctctgtgccgtgaac
Homosap	TRAV12-3	TRAV12-3*01	AE000659	F	cagaaggaggtggagcaggatcctggaccactcagtgttccagagggagccattgtttctctcaactgcacttacagcaacagtgcttttcaatacttcatgtggtacagacagtattccagaaaaggccctgagttgctgatgtacacatactccagtggtaacaaagaagatggaaggtttacagcacaggtcgataaatccagcaagtatatctccttgttcatcagagactcacagcccagtgattcagccacctacctctgtgcaatgagcg
Homosap	TRAV12-3	TRAV12-3*02	M17656	(F)	cagaaggaggtggagcaggatcctggaccactcagtgttccagagggagccattgtttctctcaactgcacttacagcaacagtgcttttcaatacttcatgtggtacagacagtattccagaataggccctgagttgctgatgtacacatactccagtggtaacaaagaagatggaaggtttacagcacaggtcgataaatccagcaagtatatctccttgttcatcagagactcacagcccagtgattcagccacctacctctgtgcaatgagcg
Homosap	TRAV13-1	TRAV13-1*01	AE000659	F	ggagagaatgtggagcagcatccttcaaccctgagtgtccaggagggagacagcgctgttatcaagtgtacttattcagacagtgcctcaaactacttcccttggtataagcaagaacttggaaaaggacctcagcttattatagacattcgttcaaatgtgggcgaaaagaaagaccaacgaattgctgttacattgaacaagacagccaaacatttctccctgcacatcacagagacccaacctgaagactcggctgtctacttctgtgcagcaagta
Homosap	TRAV13-1	TRAV13-1*02	X04954	(F)	ggagagaatgtggagcagcatccttcaaccctgagtgtccaggagggagacagcgctgttatcaagtgtacttattcagacagtgcctcaaactacttcccttggtataagcaagaacttggaaaaagacctcagcttattatagacattcgttcaaatgtgggcgaaaagaaagaccaacgaattgctgttacattgaacaagacagccaaacatttctccctgcacatcacagagacccaacctgaagactcggctgtctacttctgtgcagcaagta
Homosap	TRAV13-1	TRAV13-1*03	L11162	[F]	ggagagaatgtggagcagcatccttcaaccctgagtgtccaggagggagacagcgctgttatcaagtgtacttattcagacagtgcctcaaactacttcccttggtataagcaagaacttggaaaaagacctcagcttattatagacattcgttcaaatgtgggcgaaaagaaagaccaacgaattgctgttacattgaacaagacagccaaacatttctccctgcagatcaca
Homosap	TRAV13-2	TRAV13-2*01	AE000659	F	ggagagagtgtggggctgcatcttcctaccctgagtgtccaggagggtgacaactctattatcaactgtgcttattcaaacagcgcctcagactacttcatttggtacaagcaagaatctggaaaaggtcctcaattcattatagacattcgttcaaatatggacaaaaggcaaggccaaagagtcaccgttttattgaataagacagtgaaacatctctctctgcaaattgcagctactcaacctggagactcagctgtctacttttgtgcagagaata
Homosap	TRAV13-2	TRAV13-2*02	M17658	(F)	ggagagagtgtggggctgcatcttcctaccctgagtgtccaggagggtgacaactctattatcaactgtgcttattcaaacagcgcctcagactacttcatttggtacaaacaagaatctggaaaaggtcctcaattcattatagacattcgttcaaatatggacaaaaggcaaggccaaagagtcaccgttttattgaataagacagtgaaacatctctctctgcaaattgcagctactcaacctggagactcagctgtctacttttgtgcagaga
Homosap	TRAV14/DV4	TRAV14/DV4*01	M21626	F	gcccagaagataactcaaacccaaccaggaatgttcgtgcaggaaaaggaggctgtgactctggactgcacatatgacaccagtgatccaagttatggtctattctggtacaagcagcccagcagtggggaaatgatttttcttatttatcaggggtcttatgaccagcaaaatgcaacagaaggtcgctactcattgaatttccagaaggcaagaaaatccgccaaccttgtcatctccgcttcacaactgggggactcagcaatgtacttctgtgcaatgagagaggg
Homosap	TRAV14/DV4	TRAV14/DV4*02	AE000659	F	gcccagaagataactcaaacccaaccaggaatgttcgtgcaggaaaaggaggctgtgactctggactgcacatatgacaccagtgatcaaagttatggtctattctggtacaagcagcccagcagtggggaaatgatttttcttatttatcaggggtcttatgacgagcaaaatgcaacagaaggtcgctactcattgaatttccagaaggcaagaaaatccgccaaccttgtcatctccgcttcacaactgggggactcagcaatgtatttctgtgcaatgagagaggg
Homosap	TRAV14/DV4	TRAV14/DV4*03	M21624	(F)	gcccagaagataactcaaacccaaccaggaatgttcgtgcaggaaaaggaggctgtgactctggactgcacatatgacaccagtgatccaagttatggtctattctggtacaagcagcccagcagtggggaaatgatttttcttatttatcaggggtcttatgaccagcaaaatgcaacagaaggtcgctactcattgaatttccagaaggcaagaaaatccgccaaccttgtcatctccgcttcacaactgggggactcagcaatgtatttctgtgcaatg
Homosap	TRAV14/DV4	TRAV14/DV4*04	L09758	[F]	cagaagataactcaaacccaaccaggaatgttcgtgcaggaaaaggaggctgtgactctggactgcacatatgacaccagtgatcaaagttatggtctcttctggtacaagcagcccagcagtggggaaatgatttttcttatttatcaggggtcttatgacgagcaaaatgcaacagaaggtcgctactcattgaatttccagaaggcaagaaaatccgccaaccttgtcatctccgcttcacaactgggggactcagcaatgtacttct
Homosap	TRAV16	TRAV16*01	AE000659	F	gcccagagagtgactcagcccgagaagctcctctctgtctttaaaggggccccagtggagctgaagtgcaactattcctattctgggagtcctgaactcttctggtatgtccagtactccagacaacgcctccagttactcttgagacacatctctagagagagcatcaaaggcttcactgctgaccttaacaaaggcgagacatctttccacctgaagaaaccatttgctcaagaggaagactcagccatgtattactgtgctctaagtgg
Homosap	TRAV17	TRAV17*01	AE000660	F	agtcaacagggagaagaggatcctcaggccttgagcatccaggagggtgaaaatgccaccatgaactgcagttacaaaactagtataaacaatttacagtggtatagacaaaattcaggtagaggccttgtccacctaattttaatacgttcaaatgaaagagagaaacacagtggaagattaagagtcacgcttgacacttccaagaaaagcagttccttgttgatcacggcttcccgggcagcagacactgcttcttacttctgtgctacggacg
Homosap	TRAV18	TRAV18*01	AE000660	F	ggagactcggttacccagacagaaggcccagttaccctccctgagagggcagctctgacattaaactgcacttatcagtccagctattcaacttttctattctggtatgtccagtatctaaacaaagagcctgagctcctcctgaaaagttcagaaaaccaggagacggacagcagaggttttcaggccagtcctatcaagagtgacagttccttccacctggagaagccctcggtgcagctgtcggactctgccgtgtactactgcgctctgagaga
Homosap	TRAV19	TRAV19*01	AE000660	F	gctcagaaggtaactcaagcgcagactgaaatttctgtggtggagaaggaggatgtgaccttggactgtgtgtatgaaacccgtgatactacttattacttattctggtacaagcaaccaccaagtggagaattggttttccttattcgtcggaactcttttgatgagcaaaatgaaataagtggtcggtattcttggaacttccagaaatccaccagttccttcaacttcaccatcacagcctcacaagtcgtggactcagcagtatacttctgtgctctgagtgaggc
Homosap	TRAV2	TRAV2*01	AE000658	F	aaggaccaagtgtttcagccttccacagtggcatcttcagagggagctgtggtggaaatcttctgtaatcactctgtgtccaatgcttacaacttcttctggtaccttcacttcccgggatgtgcaccaagactccttgttaaaggctcaaagccttctcagcagggacgatacaacatgacctatgaacggttctcttcatcgctgctcatcctccaggtgcgggaggcagatgctgctgtttactactgtgctgtggagga
Homosap	TRAV2	TRAV2*02	M17659	(F)	aaggaccaagtgtttcagccttccacagtggcatcttcagagggagctgtggtggaaatcttctgtaatcactctgtgtccaatgcttacaacttcttctggcaccttcacttcccgggatgtgcaccaagactccttgttaaaggctcaaagccttctcagcagggacgatacaacatgacctatgaacggttctcttcatcgctgctcatcctccaggtgcgggaggcagatgctgctgtttactactgtgctgtggcctgg
Homosap	TRAV20	TRAV20*01	AE000660	F	gaagaccaggtgacgcagagtcccgaggccctgagactccaggagggagagagtagcagtcttaactgcagttacacagtcagcggtttaagagggctgttctggtataggcaagatcctgggaaaggccctgaattcctcttcaccctgtattcagctggggaagaaaaggagaaagaaaggctaaaagccacattaacaaagaaggaaagctttctgcacatcacagcccctaaacctgaagactcagccacttatctctgtgctgtgcagg
Homosap	TRAV20	TRAV20*02	IMGT000024	F	gaagaccaggtgacgcagagtcccgaggccctgagactccaggagggagagagtagcagtctcaactgcagttacacagtcagcggtttaagagggctgttctggtataggcaagatcctgggaaaggccctgaattcctcttcaccctgtattcagctggggaagaaaaggagaaagaaaggctaaaagccacattaacaaagaaggaaagctttctgcacatcacagcccctaaacctgaagactcagccacttatctctgtgctgtgcagg
Homosap	TRAV20	TRAV20*03	S60789	(F)	gaagaccaggtgacgcagagtcccgaggccctgagactccaggagggagagagtcgcagtctcaactgcagttacacagtcagcggtttaagagggctgttctggtataggcaagatcctgggaaaggccctgaattcctcttcaccctgtattcagctggggaagaaaaggagaaagaaaggctaaaagccacattaacaaagaaggaaagctttctgcacatcacagcccctaaacctgaagactcagccacttatctctgt
Homosap	TRAV20	TRAV20*04	X70305	(F)	gaagaccaggtgacgcagagtcccgaggccctgagactccaggagggagagagtagcagtctcaactgcagttgcacagtcagcggtttaagagggctgttctggtataggcaagatcctgggaaaggccctgaattcctcttcaccctgtattcagctggggaagaaaaggagaaagaaaggctaaaagccacattaacaaagaaggaaagctttctgcacatcacagcccctaaacctgaagactcagccacttatctctgtgct
Homosap	TRAV21	TRAV21*01	AE000660	F	aaacaggaggtgacgcagattcctgcagctctgagtgtcccagaaggagaaaacttggttctcaactgcagtttcactgatagcgctatttacaacctccagtggtttaggcaggaccctgggaaaggtctcacatctctgttgcttattcagtcaagtcagagagagcaaacaagtggaagacttaatgcctcgctggataaatcatcaggacgtagtactttatacattgcagcttctcagcctggtgactcagccacctacctctgtgctgtgagg
Homosap	TRAV21	TRAV21*02	X58736	(F)	aaacaggaggtgacacagattcctgcagctctgagtgtcccagaaggagaaaacttggttctcaactgcagtttcactgatagcgctatttacaacctccagtggtttaggcaggaccctgggaaaggtctcacatctctgttgcttattcagtcaagtcagagagagcaaacaagtggaagacttaatgcctcgctggataaatcatcaggacgtagtactttatacattgcagcttctcagcctggtgactcagccacctacctctgtgct
Homosap	TRAV22	TRAV22*01	AE000660	F	ggaatacaagtggagcagagtcctccagacctgattctccaggagggagccaattccacgctgcggtgcaatttttctgactctgtgaacaatttgcagtggtttcatcaaaacccttggggacagctcatcaacctgttttacattccctcagggacaaaacagaatggaagattaagcgccacgactgtcgctacggaacgctacagcttattgtacatttcctcttcccagaccacagactcaggcgtttatttctgtgctgtggagc
Homosap	TRAV23/DV6	TRAV23/DV6*01	AE000660	F	cagcagcaggtgaaacaaagtcctcaatctttgatagtccagaaaggagggatttcaattataaactgtgcttatgagaacactgcgtttgactactttccatggtaccaacaattccctgggaaaggccctgcattattgatagccatacgtccagatgtgagtgaaaagaaagaaggaagattcacaatctccttcaataaaagtgccaagcagttctcattgcatatcatggattcccagcctggagactcagccacctacttctgtgcagcaagca
Homosap	TRAV23/DV6	TRAV23/DV6*02	M17660	(F)	cagcagcaggtgaaacaaagtcctcaatctttgatagtccagaaaggagggattccaattataaactgtgcttatgagaacactgcgtttgactactttccatggtaccaacaattccctgggaaaggccctgcattattgatagccatacgtccagatgtgagtgaaaagaaagaaggaagattcacaatctccttcaataaaagtgccaagcagttctcattgcatatcatggattcccagcctggagactcagccacctacttctgtgcagcaagcg
Homosap	TRAV23/DV6	TRAV23/DV6*03	M97704	(F)	cagcagcaggtgaaacaaagtcctcaatctttgatagtccagaaaggagggatttcaattataaactgtgcttatgagaacactgcgtttgactactttccatggtaccaacagttccctgggaaaggccctgcattattgatagccatacgtccagatgtgagtgaaaagaaagaaggaagattcacaatctccttcaataaaagtgccaagcagttctcattgcatatcatggattcccagcctggagactcagccacctacttctgtgcagcaagca
Homosap	TRAV23/DV6	TRAV23/DV6*04	Y10411	[F]	cagcaggtgaaacaaagtcctcaatctttgatagtccagaaaggagggatttcaattataaactgtgcttatgagaacactgcgtttgactactttccatggtaccagcaattccctgggaaaggccctgcattattgatagccatacgtccagatgtgagtgaaaagaaagaaggaagattcacaatctccttcaataaaagtgccaagcagttctcattgcatatcatggattcccagcctggagactcagccacctacttctgt
Homosap	TRAV23/DV6	TRAV23/DV6*05	IMGT000024	F	cagcagcaggtgaaacaaagtcctcaatctttgatagtccagaaaggagggatttcaattataaactgtgcttatgagaacactgcgtttgactactttccatggtaccaacaattccctgggaaaggccctgcattattgatagccatacgtccagatgtgagtgaaaagaaagaaggaagattcacaatctccttcaataaaagtgccaagcagttctcatcgcatatcatggattcccagcctggagactcagccacctacttctgtgcagcaagca
Homosap	TRAV24	TRAV24*01	AE000660	F	atactgaacgtggaacaaagtcctcagtcactgcatgttcaggagggagacagcaccaatttcacctgcagcttcccttccagcaatttttatgccttacactggtacagatgggaaactgcaaaaagccccgaggccttgtttgtaatgactttaaatggggatgaaaagaagaaaggacgaataagtgccactcttaataccaaggagggttacagctatttgtacatcaaaggatcccagcctgaagactcagccacatacctctgtgccttta
Homosap	TRAV24	TRAV24*02	M17661	(F)	atactgaacgtggaacaaggtcctcagtcactgcatgttcaggagggagacagcaccaatttcacctgcagcttcccttccagcaatttttatgccttacactggtacagatgggaaactgccaaaacacccgaggccttgtttgtaatgactttaaatggggatgaaaagaagaaaggacgaataagtgccactcttaataccaaggagggttacagctatttgtacatcaaaggatcccagcctgaagattcagccacatacctctgtgccttta
Homosap	TRAV25	TRAV25*01	AE000660	F	ggacaacaggtaatgcaaattcctcagtaccagcatgtacaagaaggagaggacttcaccacgtactgcaattcctcaactactttaagcaatatacagtggtataagcaaaggcctggtggacatcccgtttttttgatacagttagtgaagagtggagaagtgaagaagcagaaaagactgacatttcagtttggagaagcaaaaaagaacagctccctgcacatcacagccacccagactacagatgtaggaacctacttctgtgcaggg
Homosap	TRAV26-1	TRAV26-1*01	AE000660	F	gatgctaagaccacccagcccccctccatggattgcgctgaaggaagagctgcaaacctgccttgtaatcactctaccatcagtggaaatgagtatgtgtattggtatcgacagattcactcccaggggccacagtatatcattcatggtctaaaaaacaatgaaaccaatgaaatggcctctctgatcatcacagaagacagaaagtccagcaccttgatcctgccccacgctacgctgagagacactgctgtgtactattgcatcgtcagagtcg
Homosap	TRAV26-1	TRAV26-1*02	IMGT000024	F	gatgctaagaccacccagcccacctccatggattgcgctgaaggaagagctgcaaacctgccttgtaatcactctaccatcagtggaaatgagtatgtgtattggtatcgacagattcactcccaggggccacagtatatcattcatggtctaaaaaacaatgaaaccaatgaaatggcctctctgatcatcacagaagacagaaagtccagcaccttgatcctgccccacgctacgctgagagacactgctgtgtactattgcatcgtcagagtcg
Homosap	TRAV26-1	TRAV26-1*03	L06886	(F)	gatgctaagaccacccagcccccctccatggattgcgctgaaggaagagctgcaaacctgccttgtaatcactctaccatcagtggaaatgagtatgtgtattggtatcgacagattcactcccaggggccacagaatatcattcatggtctaaaaaacaatgaaaccaatgaaatggcctctctgatcatcacagaagacagaaagtccagcaccttgatcctgccccacgctacgctgagagacactgctgtgtactattgcatc
Homosap	TRAV26-2	TRAV26-2*01	AE000660	F	gatgctaagaccacacagccaaattcaatggagagtaacgaagaagagcctgttcacttgccttgtaaccactccacaatcagtggaactgattacatacattggtatcgacagcttccctcccagggtccagagtacgtgattcatggtcttacaagcaatgtgaacaacagaatggcctctctggcaatcgctgaagacagaaagtccagtaccttgatcctgcaccgtgctaccttgagagatgctgctgtgtactactgcatcctgagagac
Homosap	TRAV26-2	TRAV26-2*02	L11160	[F]	gatgctaagaccacacagccaaattcaatggagagtaacgaagaagagcctgttcacttgccttgtaaccactccacaatcagtggaactgattacatacattggtatcgacagcttccctcccagggtccagagtacgtgattcatggtcttacaagcaatgtgaacaacagaatggcctgtgtggcaatcgctgaagacagaaagtccagtacct
Homosap	TRAV27	TRAV27*01	AE000660	F	acccagctgctggagcagagccctcagtttctaagcatccaagagggagaaaatctcactgtgtactgcaactcctcaagtgttttttccagcttacaatggtacagacaggagcctggggaaggtcctgtcctcctggtgacagtagttacgggtggagaagtgaagaagctgaagagactaacctttcagtttggtgatgcaagaaaggacagttctctccacatcactgcagcccagcctggtgatacaggcctctacctctgtgcaggag
Homosap	TRAV27	TRAV27*02	X04957	(F)	acccagctgctggagcagagccctcagtttctaagcatccaagagggagaaaatctcactgtgtactgcaactcctcaagtgttttttccagcttacaatggtacaggcaggagcctggggaaggtcctgtcctcctggtgacagtagttacgggtggagaagtgaagaagctgaagagactaacctttcagtttggtgatgcaagaaaggacagttctctccacatcactgcggcccagcctggtgatacaggccactacctctgtgcagg
Homosap	TRAV27	TRAV27*03	IMGT000024	F	acccagctgctggagcagagccctcagtttctaagcatccaagagggagaaaatctcactgtgtactgcaactcctcaagtgttttttccagcttacaatggtacagacaggagcctggggaaggtcctgtcctcctggtgacagtagttacgggtggagaagtgaagaagctgaagagactaacctttcagtttggtgatgcaagaaaggacagttctctccacatcactgcagcccagactggtgatacaggcctctacctctgtgcaggag
Homosap	TRAV29/DV5	TRAV29/DV5*01	AE000660	F	gaccagcaagttaagcaaaattcaccatccctgagcgtccaggaaggaagaatttctattctgaactgtgactatactaacagcatgtttgattatttcctatggtacaaaaaataccctgctgaaggtcctacattcctgatatctataagttccattaaggataaaaatgaagatggaagattcactgtcttcttaaacaaaagtgccaagcacctctctctgcacattgtgccctcccagcctggagactctgcagtgtacttctgtgcagcaagcg
Homosap	TRAV29/DV5	TRAV29/DV5*02	S81645	F	gaccagcaagttaagcaaaattcaccatccctgagcgtccaggaaggaagaatttctattctgaactgtgactatactaacagcatgtttgattatttcctatggtacaaaaaataccctgctgaaggtcctacattcctgatatctataagttccattaaggataaaaatgaagatggaagattcactgttttcttaaacaaaagtgccaagcacctctctctcgacattgtgccctcccagcctggagactctgcagtgtacttctgtgcagcaagc
Homosap	TRAV29/DV5	TRAV29/DV5*04	IMGT000024	F	gaccagcaagttaagcaaaattcaccatccctgagcgtccaggaaggaagaatttctattctgaactgtgactatactaacagcatgtttgattatttcctatggtacaaaaaataccctgctgaaggtcctacattcctgatatctataagttccattaaggataaaaatgaagatggaagattcactgttttcttaaacaaaagtgccaagcacctctctctgcacattgtgccctcccagcctggagactctgcagtgtacttctgtgcagcaagcg
Homosap	TRAV3	TRAV3*01	AE000658	F	gctcagtcagtggctcagccggaagatcaggtcaacgttgctgaagggaatcctctgactgtgaaatgcacctattcagtctctggaaacccttatcttttttggtatgttcaataccccaaccgaggcctccagttccttctgaaatacatcacaggggataacctggttaaaggcagctatggctttgaagctgaatttaacaagagccaaacctccttccacctgaagaaaccatctgcccttgtgagcgactccgctttgtacttctgtgctgtgagagaca
Homosap	TRAV30	TRAV30*01	AE000660	F	caacaaccagtgcagagtcctcaagccgtgatcctccgagaaggggaagatgctgtcatcaactgcagttcctccaaggctttatattctgtacactggtacaggcagaagcatggtgaagcacccgtcttcctgatgatattactgaagggtggagaacagaagggtcatgaaaaaatatctgcttcatttaatgaaaaaaagcagcaaagctccctgtaccttacggcctcccagctcagttactcaggaacctacttctgcggcacagaga
Homosap	TRAV30	TRAV30*02	X58768	(F)	caacaaccagtgcagagtcctcaagccgtgatcctccgagaaggggaagatgctgtcaccaactgcagttcctccaaggctttatattctgtacactggtacaggcagaagcatggtgaagcacccgtcttcctgatgatattactgaagggtggagaacagatgcgtcgtgaaaaaatatctgcttcatttaatgaaaaaaagcagcaaagctccctgtaccttacggcctcccagctcagttactcaggaacctacttctgcggg
Homosap	TRAV30	TRAV30*03	L06883	(F)	caacaaccagtgcagagtcctcaagccgtgatcctccgagaaggggaagatgctgtcatcaactgcagttcctccaaggctttatattctgtacactggtacaggcagaagcatggtgaagcacccgtcttcctgatgatattactgaagggtggagaacagaagggtcatgaaaaaatatctgcttcatttaatgaaaaaaagcggcaaagctccctgtaccttacggcctcccagctcagttactcaggaacctacttctgcggc
Homosap	TRAV30	TRAV30*04	U32537	[F]	caacaaccagtgcagagtcctcaagccgtgatcctccgagaaggggaagatgctgtcatcaactgcagttcctccaaggctttatattctgtacactggtacaggcagaagcatggtgaagcacccgtcttcctgatgatattactgaagggtggagaacagaagcgtcatgaaaaaatatctgcttcatttaatgaaaaaaagcagcaaagctccctgtaccttacggc
Homosap	TRAV30	TRAV30*05	IMGT000024	F	caacaaccagtgcagagtcctcaagccgtgatcctccgagaaggggaagatgctgtcatcaactgcagttcctccaaggctttatattctgtacactggtacaggcagaagcatggtgaagcacccgtcttcctgatgatattactgaagggtggagaacagaagggtcatgacaaaatatctgcttcatttaatgaaaaaaagcagcaaagctccctgtaccttacggcctcccagctcagttactcaggaacctacttctgcggcacagaga
Homosap	TRAV34	TRAV34*01	AE000660	F	agccaagaactggagcagagtcctcagtccttgatcgtccaagagggaaagaatctcaccataaactgcacgtcatcaaagacgttatatggcttatactggtataagcaaaagtatggtgaaggtcttatcttcttgatgatgctacagaaaggtggggaagagaaaagtcatgaaaagataactgccaagttggatgagaaaaagcagcaaagttccctgcatatcacagcctcccagcccagccatgcaggcatctacctctgtggagcagaca
Homosap	TRAV35	TRAV35*01	AE000660	F	ggtcaacagctgaatcagagtcctcaatctatgtttatccaggaaggagaagatgtctccatgaactgcacttcttcaagcatatttaacacctggctatggtacaagcaggaacctggggaaggtcctgtcctcttgatagccttatataaggctggtgaattgacctcaaatggaagactgactgctcagtttggtataaccagaaaggacagcttcctgaatatctcagcatccatacctagtgatgtaggcatctacttctgtgctgggcag
Homosap	TRAV35	TRAV35*02	X58738	(F)	ggtcaacagctgaatcagagtcctcaatctatgtttatccaggaaggagaagatgtctccatgaactgcacttcttcaagcatatttaacacctggctatggtacaagcaggaccctggggaaggtcctgtcctcttgatagccttatataaggctggtgaattgacctcaaatggaagactgactgctcagtttggtataaccagaaaggacagcttcctgaatatctcagcatccatacctagtgatgtaggcatctacttctgtgct
Homosap	TRAV36/DV7	TRAV36/DV7*01	AE000660	F	gaagacaaggtggtacaaagccctctatctctggttgtccacgagggagacaccgtaactctcaattgcagttatgaagtgactaactttcgaagcctactatggtacaagcaggaaaagaaagctcccacatttctatttatgctaacttcaagtggaattgaaaagaagtcaggaagactaagtagcatattagataagaaagaactttccagcatcctgaacatcacagccacccagaccggagactcggccatctacctctgtgctgtggagg
Homosap	TRAV36/DV7	TRAV36/DV7*02	X61070	(F)	gaagacaaggtggtacaaagccctcaatctctggttgtccacgagggagacactgtaactctcaattgcagttatgaaatgactaactttcgaagcctacaatggtacaagcaggaaaagaaagctcccacatttctatttatgctaacttcaagtggaattgaaaagaagtcaggaagactaagtagcatattagataagaaagaacttttcagcatcctgaacatcacagccacccagaccggagactcggccgtctacctctgtgctgtgg
Homosap	TRAV36/DV7	TRAV36/DV7*03	X58767	(F)	gaagacaaggtggtacaaagccctctatctctggttgtccacgagggagacactgtaactcccaattgcagttatgaagtgactaactttcgaagcctactatggtacaagcaggaaaagaaagctcccacatttctatttatgctaacttcaagtggaattgaaaagaagtcaggaagactaagtagcatattagataagaaagaacttttcagcatcctgaacatcacagccacccagaccggagactcggccgtctacctctgtgct
Homosap	TRAV36/DV7	TRAV36/DV7*04	Z46643	(F)	gaagacaaggtggtacaaagccctctatctctggttgtccacgagggagacactgtaactctcaattgcagttatgaagtgactaactttcgaagcctactatggtacaagcaggaaaagaaagctcccacatttctatttatgctaacttcaagtggaattgaaaagaagtcaggaagactaagtagcatattagataagaaagaacttttcagcatcctgaacatcacagccacccagaccggagactcggccgtctacctctgtgctg
Homosap	TRAV36/DV7	TRAV36/DV7*05	IMGT000024	F	gaagacaaggtggtacaaagccctctatctctggttgtccacgagggagacaccgtaactctcaattgcagttatgaagtgactaactttcgaagcctactatggtacaagcaggaaaagaaagctcccacatttctatttatgctaacttcaagtggaattgaaaagaagtcaggaagactaagtagcatattagataagaaagaacttttcagcatcctgaacatcacagccacccagaccggagactcggccatctacctctgtgctgtggagg
Homosap	TRAV38-1	TRAV38-1*01	AE000661	F	gcccagacagtcactcagtctcaaccagagatgtctgtgcaggaggcagagactgtgaccctgagttgcacatatgacaccagtgagaataattattatttgttctggtacaagcagcctcccagcaggcagatgattctcgttattcgccaagaagcttataagcaacagaatgcaacggagaatcgtttctctgtgaacttccagaaagcagccaaatccttcagtctcaagatctcagactcacagctgggggacactgcgatgtatttctgtgctttcatgaagca
Homosap	TRAV38-1	TRAV38-1*02	M64355	(F)	gcccagacagtcactcagtctcaaccagagatgtctgtgcaggaggcagagactgtgaccctgagttgcacatatgacaccagtgagaatgattattatttgttctggtacaagcagcctcccagcaggcagatgattctcgttattcgccaagaagcttataagcaacagaatgcaacggagaatcgtttctctgtgaacttccagaaagcagccaaatccttcagtctcaagatctcagactcacagctgggggacactgcgatgtatttctgtgctt
Homosap	TRAV38-1	TRAV38-1*03	M95394	(F)	gcccagacagtcactcagtctcaaccagagatgtctgtgcaggaggcagagactgtgaccctgagttgcacatatgacaccagtgagagtaattattatttgttctggtacaaacagcctcccagcaggcagatgattctcgttattcgccaagaagcttataagcaacagaatgcaacggagaatcgtttctctgtgaacttccagaaagcagccaaatccttcagtctcaagatctcagactcacagctgggggacactgcgatgtatttctgtgctttca
Homosap	TRAV38-1	TRAV38-1*04	L06880	(F)	gcccagacagtcactcagtcccagccagagatgtctgtgcaggaggcagagactgtgaccctgagttgcacatatgacaccagtgagaataattattatttgttctggtacaagcagcctcccagcaggcagatgattctcgttattcgccaagaagcttataagcaacagaatgcaacggagaatcgtttctctgtgaacttccagaaagcagccaaatccttcagtctcaagatctcagactcacagctgggggacactgcgatgtatttctgtgca
Homosap	TRAV38-2/DV8	TRAV38-2/DV8*01	AE000661	F	gctcagacagtcactcagtctcaaccagagatgtctgtgcaggaggcagagaccgtgaccctgagctgcacatatgacaccagtgagagtgattattatttattctggtacaagcagcctcccagcaggcagatgattctcgttattcgccaagaagcttataagcaacagaatgcaacagagaatcgtttctctgtgaacttccagaaagcagccaaatccttcagtctcaagatctcagactcacagctgggggatgccgcgatgtatttctgtgcttataggagcg
Homosap	TRAV39	TRAV39*01	AE000661	F	gagctgaaagtggaacaaaaccctctgttcctgagcatgcaggagggaaaaaactataccatctactgcaattattcaaccacttcagacagactgtattggtacaggcaggatcctgggaaaagtctggaatctctgtttgtgttgctatcaaatggagcagtgaagcaggagggacgattaatggcctcacttgataccaaagcccgtctcagcaccctccacatcacagctgccgtgcatgacctctctgccacctacttctgtgccgtggaca
Homosap	TRAV4	TRAV4*01	AE000658	F	cttgctaagaccacccagcccatctccatggactcatatgaaggacaagaagtgaacataacctgtagccacaacaacattgctacaaatgattatatcacgtggtaccaacagtttcccagccaaggaccacgatttattattcaaggatacaagacaaaagttacaaacgaagtggcctccctgtttatccctgccgacagaaagtccagcactctgagcctgccccgggtttccctgagcgacactgctgtgtactactgcctcgtgggtgaca
Homosap	TRAV40	TRAV40*01	X73521	F	agcaattcagtcaagcagacgggccaaataaccgtctcggagggagcatctgtgactatgaactgcacatacacatccacggggtaccctacccttttctggtatgtggaataccccagcaaacctctgcagcttcttcagagagagacaatggaaaacagcaaaaacttcggaggcggaaatattaaagacaaaaactcccccattgtgaaatattcagtccaggtatcagactcagccgtgtactactgtcttctgggaga
Homosap	TRAV41	TRAV41*01	AE000661	F	aaaaatgaagtggagcagagtcctcagaacctgactgcccaggaaggagaatttatcacaatcaactgcagttactcggtaggaataagtgccttacactggctgcaacagcatccaggaggaggcattgtttccttgtttatgctgagctcagggaagaagaagcatggaagattaattgccacaataaacatacaggaaaagcacagctccctgcacatcacagcctcccatcccagagactctgccgtctacatctgtgctgtcaga
Homosap	TRAV5	TRAV5*01	AE000659	F	ggagaggatgtggagcagagtcttttcctgagtgtccgagagggagacagctccgttataaactgcacttacacagacagctcctccacctacttatactggtataagcaagaacctggagcaggtctccagttgctgacgtatattttttcaaatatggacatgaaacaagaccaaagactcactgttctattgaataaaaaggataaacatctgtctctgcgcattgcagacacccagactggggactcagctatctacttctgtgcagagagta
Homosap	TRAV6	TRAV6*01	AE000659	F	agccaaaagatagaacagaattccgaggccctgaacattcaggagggtaaaacggccaccctgacctgcaactatacaaactattccccagcatacttacagtggtaccgacaagatccaggaagaggccctgttttcttgctactcatacgtgaaaatgagaaagaaaaaaggaaagaaagactgaaggtcacctttgataccacccttaaacagagtttgtttcatatcacagcctcccagcctgcagactcagctacctacctctgtgctctagaca
Homosap	TRAV6	TRAV6*02	X58747	(F)	agccaaaagatagaacagaattccgaggccctgaacattcaggagggtaaaacggccaccctgacctgcaactatacaaactattctccagcatacttacagtggtaccgacaagatccaggaagaggccctgttttcttgctactcatacgtgaaaatgagaaagaaaaaaggaaagaaagactgaaggtcacctttgataccacccttaaacagagtttgtttcatatcacagcctcccagcctgcagactcagctacctacctctgtgct
Homosap	TRAV6	TRAV6*03	Z49060	[F]	gaggccctgaacattcaggagggtaaaacggccaccctgacctgcaactatacaaactattctccagcatacttacagtggtaccgacaagatccaggaagaggccctgttttcttgctacttatacgtgaaaatgagaaagaaaaaaggaaagaaagactgaaggtcacctttgataccacccttaaacagagtttgtttcatatcacagcctcccagcctgcagactcagctacctacctctgtgct
Homosap	TRAV6	TRAV6*04	Y10409	[F]	gaggccctgaacattcaggagggtaaaacggccaccctgacctgcaactatacaaactattctccagcatacttacagtggtaccgacaagatccaggaagaggccctgttttcttgctactcatacgtgaaaatgagaaagaaaaaaggaaagaaagactgaaggtcacctttgataccacccttaaacagagtttgtttcatgtcacagcctcccagcctgcagactcagctacctacctctgtgct
Homosap	TRAV6	TRAV6*05	Y10410	[F]	gaggccctgaacattcaggagggtaaaacggccaccctgacctgcaactatacgaactattctccagcatacttacagtggtaccgacaagatccaggaagaggccctgttttcttgctactcatacgtgaaaatgagaaagaaaaaaggaaagaaagactgaaggtcacctttgataccacccttaaacagagtttgtttcatatcacagcctcccagcctgcagactcagctacctacctctgtgct
Homosap	TRAV6	TRAV6*06	U32542	[F]	agccaaaagatagaacagaattccgaggccctgaacattcaggagggtaaaacggccaccctgacctgcaactatacaaactattctccagcatacttacagtggtaccgacaagatccaggaagaggccctgttttcttgctactcatacgtgaaaatgagaaagaaaaaaggaaagaaagactgaaggtcacctttgataccacccttaaccaga
Homosap	TRAV6	TRAV6*07	IMGT000024	F	agccaaaagatagaacagaattccgaggctctgaacattcaggagggtaaaacggccaccctgacctgcaactatacaaactattctccagcatacttacagtggtaccgacaagatccaggaagaggccctgttttcttgctactcatacgtgaaaatgagaaagaaaaaaggaaagaaagactgaaggtcacctttgataccacccttaaacagagtttgtttcatatcacagcctcccagcctgcagactcagctacctacctctgtgctctagaca
Homosap	TRAV7	TRAV7*01	AE000659	F	gaaaaccaggtggagcacagccctcattttctgggaccccagcagggagacgttgcctccatgagctgcacgtactctgtcagtcgttttaacaatttgcagtggtacaggcaaaatacagggatgggtcccaaacacctattatccatgtattcagctggatatgagaagcagaaaggaagactaaatgctacattactgaagaatggaagcagcttgtacattacagccgtgcagcctgaagattcagccacctatttctgtgctgtagatg
Homosap	TRAV8-1	TRAV8-1*01	AE000659	F	gcccagtctgtgagccagcataaccaccacgtaattctctctgaagcagcctcactggagttgggatgcaactattcctatggtggaactgttaatctcttctggtatgtccagtaccctggtcaacaccttcagcttctcctcaagtacttttcaggggatccactggttaaaggcatcaagggctttgaggctgaatttataaagagtaaattctcctttaatctgaggaaaccctctgtgcagtggagtgacacagctgagtacttctgtgccgtgaatgc
Homosap	TRAV8-1	TRAV8-1*02	U32520	[F]	gcccagtctgtgagccagcataaccaccacgtaattctctctgaagcagcctcactggagttgggatgcaactattcctatggtggaactgttaatctcttctggtatgtccagtaccctggtcaacaccttcagcttctcctcaagtacttttcaggggatccactggttaaaggcatcaagggcgttgaggctgaatttataaagagtaaattctcctttaatctgaggaaaccctctgtgcagtgga
Homosap	TRAV8-2	TRAV8-2*01	AE000659	F	gcccagtcggtgacccagcttgacagccacgtctctgtctctgaaggaaccccggtgctgctgaggtgcaactactcatcttcttattcaccatctctcttctggtatgtgcaacaccccaacaaaggactccagcttctcctgaagtacacatcagcggccaccctggttaaaggcatcaacggttttgaggctgaatttaagaagagtgaaacctccttccacctgacgaaaccctcagcccatatgagcgacgcggctgagtacttctgtgttgtgagtga
Homosap	TRAV8-2	TRAV8-2*02	M17650	(F)	gcccagtcggtgacccagcttagcagccacgtctctgtctctgaaggaaccccggtgctgctgaggtgcaactactcatcttcttattcaccatctctcttctggtatgtgcaacaccccaacaaaggactccagcttctcctgaagtacacatcagcggccaccctggttaaaggcatcaacggttttgaggctgaatttaagaagagtgaaacctccttccacctgacgaaaccctcagcccatatgagcgacgcggctgagtacttctgtgttgtga
Homosap	TRAV8-2	TRAV8-2*03	IMGT000024	F	gcccagtcggtgacccagcttgacagccacgtctctgtctctgaaggaaccccggtgctgctgaggtgcaactactcatcttcttattcaccgtctctcttctggtatgtgcaacaccccaacaaaggactccagcttctcctgaagtacacatcagcggccaccctggttaaaggcatcaacggttttgaggctgaatttaagaagagtgaaacctccttccacctgacgaaaccctcagcccatatgagcgacgcggctgagtacttctgtgttgtgagtga
Homosap	TRAV8-3	TRAV8-3*01	AE000659	F	gcccagtcagtgacccagcctgacatccacatcactgtctctgaaggagcctcactggagttgagatgtaactattcctatggggcaacaccttatctcttctggtatgtccagtcccccggccaaggcctccagctgctcctgaagtacttttcaggagacactctggttcaaggcattaaaggctttgaggctgaatttaagaggagtcaatcttccttcaatctgaggaaaccctctgtgcattggagtgatgctgctgagtacttctgtgctgtgggtgc
Homosap	TRAV8-3	TRAV8-3*02	M35617	(F)	gcccagtcagtgacccagcctgacatccacatcactgtctctgaaggagcctcactggagttgagatgtaactattcctatggggcaacaccttatctcttctggtatgtccagtcccccggccaaggcctccagctgctcctgaagtacttttcaggagacactctggttcaaggcattaaaggctttgaggctgaatttaagaggagtcaatcttccttcaacctgaggaaaccctctgtgcattggagtgatgctgctgagtacttctgtgctgtggtt
Homosap	TRAV8-3	TRAV8-3*03	L06885	(F)	gcccagtcagtgacccagcctgacatccacatcactgtctctgaaggagcctcactggagttgagatgtaactattcctatggggcaacaccttatctcttctggtatgtccagtcccccggccaaggcctccagctgctcctgaagtacttttcaggagacactctggttcaaggtattaaaggctttgaggctgaatttaagaggagtcaatcttccttcaatctgaggaaaccctctgtgcattggagtgatgcgtctgagtacttctgtgct
Homosap	TRAV8-4	TRAV8-4*01	AE000659	F	gcccagtcggtgacccagcttggcagccacgtctctgtctctgaaggagccctggttctgctgaggtgcaactactcatcgtctgttccaccatatctcttctggtatgtgcaataccccaaccaaggactccagcttctcctgaagtacacatcagcggccaccctggttaaaggcatcaacggttttgaggctgaatttaagaagagtgaaacctccttccacctgacgaaaccctcagcccatatgagcgacgcggctgagtacttctgtgctgtgagtga
Homosap	TRAV8-4	TRAV8-4*02	M12423	(F)	gcccagtcggtgacccagcttggcagccacgtctctgtctctgaaggagccctggttctgctgaggtgcaactactcatcgtctgttccaccatatctcttctggtatgtgcaataccccaaccaaggactccagcttctcctgaagtacacatcagcggccaccctggttaaaggcatcaacggttttgaggctgaatttaagaagagtgaaacctccttccacctgacaaaaccctcagcccatatgagcgacgcggctgagtacttctgtgctgtgagtga
Homosap	TRAV8-4	TRAV8-4*03	D13077	(F)	gcccagtcggtgacccagcttggcagccacgtctctgtctctgagggagccctggttctgctgaggtgcaactactcatcgtctgttccaccatatctcttctggtatgtgcaataccccaaccaaggactccagcttctcctgaagtacacaacaggggccaccctggttaaaggcatcaacggttttgaggctgaatttaagaagagtgaaacctccttccacctgacgaaaccctcagcccatatgagcgacgcggctgagtacttctgtgct
Homosap	TRAV8-4	TRAV8-4*04	M12959	(F)	gcccagtcggtgacccagcttggcagccacgtctctgtctctgaacgagccctggttctgctgaggtgcaactactcatcgtctgttccaccatatctcttctggtatgtgcaataccccaaccaaggactccagcttctcctgaagtacacatcagcggccaccctggttaaaggcatcaacggttttgaggctgaatttaagaagagtgaaacctccttccacctgacgaaaccctcagcccatatgagcgacgcggctgagtacttctgtgctgtgagtga
Homosap	TRAV8-4	TRAV8-4*05	X63455	(F)	gcccagtcggtgacccagcttggcagccacgtctctgtctctgaaggagccctggttctgctgaggtgcaactactcatcgtctgttccaccatatctcttctggtatgtgcaataccccaaccaaggactccagcttctcctgaagtacacatcagcggccaccctggttaaaggaatcaacggttttgaggctgaatttaagaagagtgaaacctccttccacctgacgaaaccctcagcccatatgagcgacgcggctgagtacttctgtgctgtgagtga
Homosap	TRAV8-4	TRAV8-4*06	K02777	(F)	ggtgcaactcactactgctgtccaccaatactcttctggtatgtgcaataccccaaccaaggactccagcttctcctgaagtacacatcagcggccaccctggttaaaggcatcaacggttttgaggctgaatttaagaagagtgaaacctccttccacctgacgaaacccgcagcccatatgagcgacgcggctgagtacttctgtgctgtgagtga
Homosap	TRAV8-4	TRAV8-4*07	M17665	(F)	gttgaaccatatctcttctggtatgtgcaataccccaaccaaggactccagcttctcctgaagtacacaacaggggccaccctggttaaaggcatcaacggttttgaggctgaatttaaaaagagtgaaacctccttccacctgacgaaaccctcagcccatatgaccgacccggctgagtacttctgtgctgtgag
Homosap	TRAV8-6	TRAV8-6*01	X02850	F	gcccagtctgtgacccagcttgacagccaagtccctgtctttgaagaagcccctgtggagctgaggtgcaactactcatcgtctgtttcagtgtatctcttctggtatgtgcaataccccaaccaaggactccagcttctcctgaagtatttatcaggatccaccctggttgaaagcatcaacggttttgaggctgaatttaacaagagtcaaacttccttccacttgaggaaaccctcagtccatataagcgacacggctgagtacttctgtgctgtgagtga
Homosap	TRAV8-6	TRAV8-6*02	AE000659	F	gcccagtctgtgacccagcttgacagccaagtccctgtctttgaagaagcccctgtggagctgaggtgcaactactcatcgtctgtttcagtgtatctcttctggtatgtgcaataccccaaccaaggactccagcttctcctgaagtatttatcaggatccaccctggttaaaggcatcaacggttttgaggctgaatttaacaagagtcaaacttccttccacttgaggaaaccctcagtccatataagcgacacggctgagtacttctgtgctgtgagtga
Homosap	TRAV9-1	TRAV9-1*01	AE000659	F	ggagattcagtggtccagacagaaggccaagtgctcccctctgaaggggattccctgattgtgaactgctcctatgaaaccacacagtacccttcccttttttggtatgtccaatatcctggagaaggtccacagctccacctgaaagccatgaaggccaatgacaagggaaggaacaaaggttttgaagccatgtaccgtaaagaaaccacttctttccacttggagaaagactcagttcaagagtcagactccgctgtgtacttctgtgctctgagtga
Homosap	TRAV9-2	TRAV9-2*01	AE000659	F	ggaaattcagtgacccagatggaagggccagtgactctctcagaagaggccttcctgactataaactgcacgtacacagccacaggatacccttcccttttctggtatgtccaatatcctggagaaggtctacagctcctcctgaaagccacgaaggctgatgacaagggaagcaacaaaggttttgaagccacataccgtaaagaaaccacttctttccacttggagaaaggctcagttcaagtgtcagactcagcggtgtacttctgtgctctgagtga
Homosap	TRAV9-2	TRAV9-2*02	IMGT000024	F	ggagattcagtgacccagatggaagggccagtgactctctcagaagaggccttcctgactataaactgcacgtacacagccacaggatacccttcccttttctggtatgtccaatatcctggagaaggtctacagctcctcctgaaagccacgaaggctgatgacaagggaagcaacaaaggttttgaagccacataccgtaaagaaaccacttctttccacttggagaaaggctcagttcaagtgtcagactcagcggtgtacttctgtgctctgagtga
Homosap	TRAV9-2	TRAV9-2*03	L06881	(F)	ggagattcagtgacccagatggaagggccagtgactctctcagaagaggccttcctgactataaactgcacgtacacagccacaggatacccttcccttttctggtatgtccaatatcctggagaaggtctacagctcctcctgaaagccacgaaggctgatgacaagggaagcaacaaaggttttgaagccacataccgtaaggaaaccacttctttccacttggagaaaggctcagttcaagtgtcagactcagcggtgtacttctgtgct
Homosap	TRAV9-2	TRAV9-2*04	L06882	(F)	ggaaattcagtgacccagatggaagggccagtgactctctcagaagaggccttcctgactataaactgcacgtacacagccacaggatacccttcccttttctggtatgtccaatatcctggagaaggtctacagctcctcctgaaagccacgaaggctgatgacaagggaagcaacaaaggttttgaagccacataccgtaaggaaaccacttctttccacttggagaaaggctcagttcaagtgtcagactcagcggtgtacttctgtgct
