Species	Gene	Allele	AccNum	Functionality	aa_seq
Homosap	TRAV1-1	TRAV1-1*01	AE000658	F	GQSLEQPSEVTAVEGAIVQINCTYQTSGFYGLSWYQQHDGGAPTFLSYNALDGLEETGRFSSFLSRSDSYGYLLLQELQMKDSASYFCAVR
Homosap	TRAV1-1	TRAV1-1*02	X04939	(F)	GQSLEQPSEVTAVEGAIVQINCTYQTSGFYGLSWYQQHDGGAPTFLSYNGLDGLEETGRFSSFLSRSDSYGYLLLQELQMKDSASYFCA
Homosap	TRAV1-2	TRAV1-2*01	AE000658	F	GQNIDQPTEMTATEGAIVQINCTYQTSGFNGLFWYQQHAGEAPTFLSYNVLDGLEEKGRFSSFLSRSKGYSYLLLKELQMKDSASYLCAVR
Homosap	TRAV1-2	TRAV1-2*02	U32544	[F]	GQNIDQPTEMTATEGAIVQINCTYQTSGFNGLFWYQQHAGEAPTFLSYNVLDGLEEKG
Homosap	TRAV1-2	TRAV1-2*03	IMGT000024	F	GQNIDQPTEMTATEGAIVQINCTYQTSGFNGLFWYQQHAGEAPTFLSYNVLDGLEEKGRFSSFLSRSKGYSYLLLKELQMKDSASYLCAVR
Homosap	TRAV10	TRAV10*01	AE000659	F	KNQVEQSPQSLIILEGKNCTLQCNYTVSPFSNLRWYKQDTGRGPVSLTIMTFSENTKSNGRYTATLDADTKQSSLHITASQLSDSASYICVVS
Homosap	TRAV10	TRAV10*02	IMGT000024	F	KNQVEQSPQSLIILEGKNCTLQCNYTVSPFSNLRWYKQDTGRGPVSLTIMTFSENTKSNGRYTATLDADTKQSSLHITASQLSDSASYICVVS
Homosap	TRAV12-1	TRAV12-1*01	AE000659	F	RKEVEQDPGPFNVPEGATVAFNCTYSNSASQSFFWYRQDCRKEPKLLMSVYSSGNEDGRFTAQLNRASQYISLLIRDSKLSDSATYLCVVN
Homosap	TRAV12-1	TRAV12-1*02	M17657	(F)	RKEVEQDPGPFNVPEGATVAFNCTYSNSASQSFFWYRQDCRKEPKLLMSVYSSGNEDGRFTAHVNRASQYISLLIRDSKLSDSATYLCVVN
Homosap	TRAV12-2	TRAV12-2*01	AE000659	F	QKEVEQNSGPLSVPEGAIASLNCTYSDRGSQSFFWYRQYSGKSPELIMFIYSNGDKEDGRFTAQLNKASQYVSLLIRDSQPSDSATYLCAVN
Homosap	TRAV12-2	TRAV12-2*02	M81774	(F)	QKEVEQNSGPLSVPEGAIASLNCTYSDRGSQSFFWYRQYSGKSPELIMSIYSNGDKEDGRFTAQLNKASQYVSLLIRDSQPSDSATYLCAV
Homosap	TRAV12-2	TRAV12-2*03	X04946	(F)	GPLSVPEGAIASLNCTYSDRVSQSFFWYRQYSGKSPELIMSIYSNGDKEDGRFTAQLNKASQYVSLLIRDSQPSDSATYLCAVN
Homosap	TRAV12-3	TRAV12-3*01	AE000659	F	QKEVEQDPGPLSVPEGAIVSLNCTYSNSAFQYFMWYRQYSRKGPELLMYTYSSGNKEDGRFTAQVDKSSKYISLFIRDSQPSDSATYLCAMS
Homosap	TRAV12-3	TRAV12-3*02	M17656	(F)	QKEVEQDPGPLSVPEGAIVSLNCTYSNSAFQYFMWYRQYSRIGPELLMYTYSSGNKEDGRFTAQVDKSSKYISLFIRDSQPSDSATYLCAMS
Homosap	TRAV13-1	TRAV13-1*01	AE000659	F	GENVEQHPSTLSVQEGDSAVIKCTYSDSASNYFPWYKQELGKGPQLIIDIRSNVGEKKDQRIAVTLNKTAKHFSLHITETQPEDSAVYFCAAS
Homosap	TRAV13-1	TRAV13-1*02	X04954	(F)	GENVEQHPSTLSVQEGDSAVIKCTYSDSASNYFPWYKQELGKRPQLIIDIRSNVGEKKDQRIAVTLNKTAKHFSLHITETQPEDSAVYFCAAS
Homosap	TRAV13-1	TRAV13-1*03	L11162	[F]	GENVEQHPSTLSVQEGDSAVIKCTYSDSASNYFPWYKQELGKRPQLIIDIRSNVGEKKDQRIAVTLNKTAKHFSLQIT
Homosap	TRAV13-2	TRAV13-2*01	AE000659	F	GESVGLHLPTLSVQEGDNSIINCAYSNSASDYFIWYKQESGKGPQFIIDIRSNMDKRQGQRVTVLLNKTVKHLSLQIAATQPGDSAVYFCAEN
Homosap	TRAV13-2	TRAV13-2*02	M17658	(F)	GESVGLHLPTLSVQEGDNSIINCAYSNSASDYFIWYKQESGKGPQFIIDIRSNMDKRQGQRVTVLLNKTVKHLSLQIAATQPGDSAVYFCAE
Homosap	TRAV14/DV4	TRAV14/DV4*01	M21626	F	AQKITQTQPGMFVQEKEAVTLDCTYDTSDPSYGLFWYKQPSSGEMIFLIYQGSYDQQNATEGRYSLNFQKARKSANLVISASQLGDSAMYFCAMRE
Homosap	TRAV14/DV4	TRAV14/DV4*02	AE000659	F	AQKITQTQPGMFVQEKEAVTLDCTYDTSDQSYGLFWYKQPSSGEMIFLIYQGSYDEQNATEGRYSLNFQKARKSANLVISASQLGDSAMYFCAMRE
Homosap	TRAV14/DV4	TRAV14/DV4*03	M21624	(F)	AQKITQTQPGMFVQEKEAVTLDCTYDTSDPSYGLFWYKQPSSGEMIFLIYQGSYDQQNATEGRYSLNFQKARKSANLVISASQLGDSAMYFCAM
Homosap	TRAV14/DV4	TRAV14/DV4*04	L09758	[F]	QKITQTQPGMFVQEKEAVTLDCTYDTSDQSYGLFWYKQPSSGEMIFLIYQGSYDEQNATEGRYSLNFQKARKSANLVISASQLGDSAMYF
Homosap	TRAV16	TRAV16*01	AE000659	F	AQRVTQPEKLLSVFKGAPVELKCNYSYSGSPELFWYVQYSRQRLQLLLRHISRESIKGFTADLNKGETSFHLKKPFAQEEDSAMYYCALS
Homosap	TRAV17	TRAV17*01	AE000660	F	SQQGEEDPQALSIQEGENATMNCSYKTSINNLQWYRQNSGRGLVHLILIRSNEREKHSGRLRVTLDTSKKSSSLLITASRAADTASYFCATD
Homosap	TRAV18	TRAV18*01	AE000660	F	GDSVTQTEGPVTLPERAALTLNCTYQSSYSTFLFWYVQYLNKEPELLLKSSENQETDSRGFQASPIKSDSSFHLEKPSVQLSDSAVYYCALR
Homosap	TRAV19	TRAV19*01	AE000660	F	AQKVTQAQTEISVVEKEDVTLDCVYETRDTTYYLFWYKQPPSGELVFLIRRNSFDEQNEISGRYSWNFQKSTSSFNFTITASQVVDSAVYFCALSE
Homosap	TRAV2	TRAV2*01	AE000658	F	KDQVFQPSTVASSEGAVVEIFCNHSVSNAYNFFWYLHFPGCAPRLLVKGSKPSQQGRYNMTYERFSSSLLILQVREADAAVYYCAVE
Homosap	TRAV2	TRAV2*02	M17659	(F)	KDQVFQPSTVASSEGAVVEIFCNHSVSNAYNFFWHLHFPGCAPRLLVKGSKPSQQGRYNMTYERFSSSLLILQVREADAAVYYCAVAW
Homosap	TRAV20	TRAV20*01	AE000660	F	EDQVTQSPEALRLQEGESSSLNCSYTVSGLRGLFWYRQDPGKGPEFLFTLYSAGEEKEKERLKATLTKKESFLHITAPKPEDSATYLCAVQ
Homosap	TRAV20	TRAV20*02	IMGT000024	F	EDQVTQSPEALRLQEGESSSLNCSYTVSGLRGLFWYRQDPGKGPEFLFTLYSAGEEKEKERLKATLTKKESFLHITAPKPEDSATYLCAVQ
Homosap	TRAV20	TRAV20*03	S60789	(F)	EDQVTQSPEALRLQEGESRSLNCSYTVSGLRGLFWYRQDPGKGPEFLFTLYSAGEEKEKERLKATLTKKESFLHITAPKPEDSATYLC
Homosap	TRAV20	TRAV20*04	X70305	(F)	EDQVTQSPEALRLQEGESSSLNCSCTVSGLRGLFWYRQDPGKGPEFLFTLYSAGEEKEKERLKATLTKKESFLHITAPKPEDSATYLCA
Homosap	TRAV21	TRAV21*01	AE000660	F	KQEVTQIPAALSVPEGENLVLNCSFTDSAIYNLQWFRQDPGKGLTSLLLIQSSQREQTSGRLNASLDKSSGRSTLYIAASQPGDSATYLCAVR
Homosap	TRAV21	TRAV21*02	X58736	(F)	KQEVTQIPAALSVPEGENLVLNCSFTDSAIYNLQWFRQDPGKGLTSLLLIQSSQREQTSGRLNASLDKSSGRSTLYIAASQPGDSATYLCA
Homosap	TRAV22	TRAV22*01	AE000660	F	GIQVEQSPPDLILQEGANSTLRCNFSDSVNNLQWFHQNPWGQLINLFYIPSGTKQNGRLSATTVATERYSLLYISSSQTTDSGVYFCAVE
Homosap	TRAV23/DV6	TRAV23/DV6*01	AE000660	F	QQQVKQSPQSLIVQKGGISIINCAYENTAFDYFPWYQQFPGKGPALLIAIRPDVSEKKEGRFTISFNKSAKQFSLHIMDSQPGDSATYFCAAS
Homosap	TRAV23/DV6	TRAV23/DV6*02	M17660	(F)	QQQVKQSPQSLIVQKGGIPIINCAYENTAFDYFPWYQQFPGKGPALLIAIRPDVSEKKEGRFTISFNKSAKQFSLHIMDSQPGDSATYFCAAS
Homosap	TRAV23/DV6	TRAV23/DV6*03	M97704	(F)	QQQVKQSPQSLIVQKGGISIINCAYENTAFDYFPWYQQFPGKGPALLIAIRPDVSEKKEGRFTISFNKSAKQFSLHIMDSQPGDSATYFCAAS
Homosap	TRAV23/DV6	TRAV23/DV6*04	Y10411	[F]	QQVKQSPQSLIVQKGGISIINCAYENTAFDYFPWYQQFPGKGPALLIAIRPDVSEKKEGRFTISFNKSAKQFSLHIMDSQPGDSATYFC
Homosap	TRAV23/DV6	TRAV23/DV6*05	IMGT000024	F	QQQVKQSPQSLIVQKGGISIINCAYENTAFDYFPWYQQFPGKGPALLIAIRPDVSEKKEGRFTISFNKSAKQFSSHIMDSQPGDSATYFCAAS
Homosap	TRAV24	TRAV24*01	AE000660	F	ILNVEQSPQSLHVQEGDSTNFTCSFPSSNFYALHWYRWETAKSPEALFVMTLNGDEKKKGRISATLNTKEGYSYLYIKGSQPEDSATYLCAF
Homosap	TRAV24	TRAV24*02	M17661	(F)	ILNVEQGPQSLHVQEGDSTNFTCSFPSSNFYALHWYRWETAKTPEALFVMTLNGDEKKKGRISATLNTKEGYSYLYIKGSQPEDSATYLCAF
Homosap	TRAV25	TRAV25*01	AE000660	F	GQQVMQIPQYQHVQEGEDFTTYCNSSTTLSNIQWYKQRPGGHPVFLIQLVKSGEVKKQKRLTFQFGEAKKNSSLHITATQTTDVGTYFCAG
Homosap	TRAV26-1	TRAV26-1*01	AE000660	F	DAKTTQPPSMDCAEGRAANLPCNHSTISGNEYVYWYRQIHSQGPQYIIHGLKNNETNEMASLIITEDRKSSTLILPHATLRDTAVYYCIVRV
Homosap	TRAV26-1	TRAV26-1*02	IMGT000024	F	DAKTTQPTSMDCAEGRAANLPCNHSTISGNEYVYWYRQIHSQGPQYIIHGLKNNETNEMASLIITEDRKSSTLILPHATLRDTAVYYCIVRV
Homosap	TRAV26-1	TRAV26-1*03	L06886	(F)	DAKTTQPPSMDCAEGRAANLPCNHSTISGNEYVYWYRQIHSQGPQNIIHGLKNNETNEMASLIITEDRKSSTLILPHATLRDTAVYYCI
Homosap	TRAV26-2	TRAV26-2*01	AE000660	F	DAKTTQPNSMESNEEEPVHLPCNHSTISGTDYIHWYRQLPSQGPEYVIHGLTSNVNNRMASLAIAEDRKSSTLILHRATLRDAAVYYCILRD
Homosap	TRAV26-2	TRAV26-2*02	L11160	[F]	DAKTTQPNSMESNEEEPVHLPCNHSTISGTDYIHWYRQLPSQGPEYVIHGLTSNVNNRMACVAIAEDRKSST
Homosap	TRAV27	TRAV27*01	AE000660	F	TQLLEQSPQFLSIQEGENLTVYCNSSSVFSSLQWYRQEPGEGPVLLVTVVTGGEVKKLKRLTFQFGDARKDSSLHITAAQPGDTGLYLCAG
Homosap	TRAV27	TRAV27*02	X04957	(F)	TQLLEQSPQFLSIQEGENLTVYCNSSSVFSSLQWYRQEPGEGPVLLVTVVTGGEVKKLKRLTFQFGDARKDSSLHITAAQPGDTGHYLCA
Homosap	TRAV27	TRAV27*03	IMGT000024	F	TQLLEQSPQFLSIQEGENLTVYCNSSSVFSSLQWYRQEPGEGPVLLVTVVTGGEVKKLKRLTFQFGDARKDSSLHITAAQTGDTGLYLCAG
Homosap	TRAV29/DV5	TRAV29/DV5*01	AE000660	F	DQQVKQNSPSLSVQEGRISILNCDYTNSMFDYFLWYKKYPAEGPTFLISISSIKDKNEDGRFTVFLNKSAKHLSLHIVPSQPGDSAVYFCAAS
Homosap	TRAV29/DV5	TRAV29/DV5*02	S81645	F	DQQVKQNSPSLSVQEGRISILNCDYTNSMFDYFLWYKKYPAEGPTFLISISSIKDKNEDGRFTVFLNKSAKHLSLDIVPSQPGDSAVYFCAAS
Homosap	TRAV29/DV5	TRAV29/DV5*04	IMGT000024	F	DQQVKQNSPSLSVQEGRISILNCDYTNSMFDYFLWYKKYPAEGPTFLISISSIKDKNEDGRFTVFLNKSAKHLSLHIVPSQPGDSAVYFCAAS
Homosap	TRAV3	TRAV3*01	AE000658	F	AQSVAQPEDQVNVAEGNPLTVKCTYSVSGNPYLFWYVQYPNRGLQFLLKYITGDNLVKGSYGFEAEFNKSQTSFHLKKPSALVSDSALYFCAVRD
Homosap	TRAV30	TRAV30*01	AE000660	F	QQPVQSPQAVILREGEDAVINCSSSKALYSVHWYRQKHGEAPVFLMILLKGGEQKGHEKISASFNEKKQQSSLYLTASQLSYSGTYFCGTE
Homosap	TRAV30	TRAV30*02	X58768	(F)	QQPVQSPQAVILREGEDAVTNCSSSKALYSVHWYRQKHGEAPVFLMILLKGGEQMRREKISASFNEKKQQSSLYLTASQLSYSGTYFCG
Homosap	TRAV30	TRAV30*03	L06883	(F)	QQPVQSPQAVILREGEDAVINCSSSKALYSVHWYRQKHGEAPVFLMILLKGGEQKGHEKISASFNEKKRQSSLYLTASQLSYSGTYFCG
Homosap	TRAV30	TRAV30*04	U32537	[F]	QQPVQSPQAVILREGEDAVINCSSSKALYSVHWYRQKHGEAPVFLMILLKGGEQKRHEKISASFNEKKQQSSLYLT
Homosap	TRAV30	TRAV30*05	IMGT000024	F	QQPVQSPQAVILREGEDAVINCSSSKALYSVHWYRQKHGEAPVFLMILLKGGEQKGHDKISASFNEKKQQSSLYLTASQLSYSGTYFCGTE
Homosap	TRAV34	TRAV34*01	AE000660	F	SQELEQSPQSLIVQEGKNLTINCTSSKTLYGLYWYKQKYGEGLIFLMMLQKGGEEKSHEKITAKLDEKKQQSSLHITASQPSHAGIYLCGAD
Homosap	TRAV35	TRAV35*01	AE000660	F	GQQLNQSPQSMFIQEGEDVSMNCTSSSIFNTWLWYKQEPGEGPVLLIALYKAGELTSNGRLTAQFGITRKDSFLNISASIPSDVGIYFCAGQ
Homosap	TRAV35	TRAV35*02	X58738	(F)	GQQLNQSPQSMFIQEGEDVSMNCTSSSIFNTWLWYKQDPGEGPVLLIALYKAGELTSNGRLTAQFGITRKDSFLNISASIPSDVGIYFCA
Homosap	TRAV36/DV7	TRAV36/DV7*01	AE000660	F	EDKVVQSPLSLVVHEGDTVTLNCSYEVTNFRSLLWYKQEKKAPTFLFMLTSSGIEKKSGRLSSILDKKELSSILNITATQTGDSAIYLCAVE
Homosap	TRAV36/DV7	TRAV36/DV7*02	X61070	(F)	EDKVVQSPQSLVVHEGDTVTLNCSYEMTNFRSLQWYKQEKKAPTFLFMLTSSGIEKKSGRLSSILDKKELFSILNITATQTGDSAVYLCAV
Homosap	TRAV36/DV7	TRAV36/DV7*03	X58767	(F)	EDKVVQSPLSLVVHEGDTVTPNCSYEVTNFRSLLWYKQEKKAPTFLFMLTSSGIEKKSGRLSSILDKKELFSILNITATQTGDSAVYLCA
Homosap	TRAV36/DV7	TRAV36/DV7*04	Z46643	(F)	EDKVVQSPLSLVVHEGDTVTLNCSYEVTNFRSLLWYKQEKKAPTFLFMLTSSGIEKKSGRLSSILDKKELFSILNITATQTGDSAVYLCA
Homosap	TRAV36/DV7	TRAV36/DV7*05	IMGT000024	F	EDKVVQSPLSLVVHEGDTVTLNCSYEVTNFRSLLWYKQEKKAPTFLFMLTSSGIEKKSGRLSSILDKKELFSILNITATQTGDSAIYLCAVE
Homosap	TRAV38-1	TRAV38-1*01	AE000661	F	AQTVTQSQPEMSVQEAETVTLSCTYDTSENNYYLFWYKQPPSRQMILVIRQEAYKQQNATENRFSVNFQKAAKSFSLKISDSQLGDTAMYFCAFMK
Homosap	TRAV38-1	TRAV38-1*02	M64355	(F)	AQTVTQSQPEMSVQEAETVTLSCTYDTSENDYYLFWYKQPPSRQMILVIRQEAYKQQNATENRFSVNFQKAAKSFSLKISDSQLGDTAMYFCA
Homosap	TRAV38-1	TRAV38-1*03	M95394	(F)	AQTVTQSQPEMSVQEAETVTLSCTYDTSESNYYLFWYKQPPSRQMILVIRQEAYKQQNATENRFSVNFQKAAKSFSLKISDSQLGDTAMYFCAF
Homosap	TRAV38-1	TRAV38-1*04	L06880	(F)	AQTVTQSQPEMSVQEAETVTLSCTYDTSENNYYLFWYKQPPSRQMILVIRQEAYKQQNATENRFSVNFQKAAKSFSLKISDSQLGDTAMYFCA
Homosap	TRAV38-2/DV8	TRAV38-2/DV8*01	AE000661	F	AQTVTQSQPEMSVQEAETVTLSCTYDTSESDYYLFWYKQPPSRQMILVIRQEAYKQQNATENRFSVNFQKAAKSFSLKISDSQLGDAAMYFCAYRS
Homosap	TRAV39	TRAV39*01	AE000661	F	ELKVEQNPLFLSMQEGKNYTIYCNYSTTSDRLYWYRQDPGKSLESLFVLLSNGAVKQEGRLMASLDTKARLSTLHITAAVHDLSATYFCAVD
Homosap	TRAV4	TRAV4*01	AE000658	F	LAKTTQPISMDSYEGQEVNITCSHNNIATNDYITWYQQFPSQGPRFIIQGYKTKVTNEVASLFIPADRKSSTLSLPRVSLSDTAVYYCLVGD
Homosap	TRAV40	TRAV40*01	X73521	F	SNSVKQTGQITVSEGASVTMNCTYTSTGYPTLFWYVEYPSKPLQLLQRETMENSKNFGGGNIKDKNSPIVKYSVQVSDSAVYYCLLG
Homosap	TRAV41	TRAV41*01	AE000661	F	KNEVEQSPQNLTAQEGEFITINCSYSVGISALHWLQQHPGGGIVSLFMLSSGKKKHGRLIATINIQEKHSSLHITASHPRDSAVYICAVR
Homosap	TRAV5	TRAV5*01	AE000659	F	GEDVEQSLFLSVREGDSSVINCTYTDSSSTYLYWYKQEPGAGLQLLTYIFSNMDMKQDQRLTVLLNKKDKHLSLRIADTQTGDSAIYFCAES
Homosap	TRAV6	TRAV6*01	AE000659	F	SQKIEQNSEALNIQEGKTATLTCNYTNYSPAYLQWYRQDPGRGPVFLLLIRENEKEKRKERLKVTFDTTLKQSLFHITASQPADSATYLCALD
Homosap	TRAV6	TRAV6*02	X58747	(F)	SQKIEQNSEALNIQEGKTATLTCNYTNYSPAYLQWYRQDPGRGPVFLLLIRENEKEKRKERLKVTFDTTLKQSLFHITASQPADSATYLCA
Homosap	TRAV6	TRAV6*03	Z49060	[F]	EALNIQEGKTATLTCNYTNYSPAYLQWYRQDPGRGPVFLLLIRENEKEKRKERLKVTFDTTLKQSLFHITASQPADSATYLCA
Homosap	TRAV6	TRAV6*04	Y10409	[F]	EALNIQEGKTATLTCNYTNYSPAYLQWYRQDPGRGPVFLLLIRENEKEKRKERLKVTFDTTLKQSLFHVTASQPADSATYLCA
Homosap	TRAV6	TRAV6*05	Y10410	[F]	EALNIQEGKTATLTCNYTNYSPAYLQWYRQDPGRGPVFLLLIRENEKEKRKERLKVTFDTTLKQSLFHITASQPADSATYLCA
Homosap	TRAV6	TRAV6*06	U32542	[F]	SQKIEQNSEALNIQEGKTATLTCNYTNYSPAYLQWYRQDPGRGPVFLLLIRENEKEKRKERLKVTFDTTLNQ
Homosap	TRAV6	TRAV6*07	IMGT000024	F	SQKIEQNSEALNIQEGKTATLTCNYTNYSPAYLQWYRQDPGRGPVFLLLIRENEKEKRKERLKVTFDTTLKQSLFHITASQPADSATYLCALD
Homosap	TRAV7	TRAV7*01	AE000659	F	ENQVEHSPHFLGPQQGDVASMSCTYSVSRFNNLQWYRQNTGMGPKHLLSMYSAGYEKQKGRLNATLLKNGSSLYITAVQPEDSATYFCAVD
Homosap	TRAV8-1	TRAV8-1*01	AE000659	F	AQSVSQHNHHVILSEAASLELGCNYSYGGTVNLFWYVQYPGQHLQLLLKYFSGDPLVKGIKGFEAEFIKSKFSFNLRKPSVQWSDTAEYFCAVN
Homosap	TRAV8-1	TRAV8-1*02	U32520	[F]	AQSVSQHNHHVILSEAASLELGCNYSYGGTVNLFWYVQYPGQHLQLLLKYFSGDPLVKGIKGVEAEFIKSKFSFNLRKPSVQW
Homosap	TRAV8-2	TRAV8-2*01	AE000659	F	AQSVTQLDSHVSVSEGTPVLLRCNYSSSYSPSLFWYVQHPNKGLQLLLKYTSAATLVKGINGFEAEFKKSETSFHLTKPSAHMSDAAEYFCVVS
Homosap	TRAV8-2	TRAV8-2*02	M17650	(F)	AQSVTQLSSHVSVSEGTPVLLRCNYSSSYSPSLFWYVQHPNKGLQLLLKYTSAATLVKGINGFEAEFKKSETSFHLTKPSAHMSDAAEYFCVV
Homosap	TRAV8-2	TRAV8-2*03	IMGT000024	F	AQSVTQLDSHVSVSEGTPVLLRCNYSSSYSPSLFWYVQHPNKGLQLLLKYTSAATLVKGINGFEAEFKKSETSFHLTKPSAHMSDAAEYFCVVS
Homosap	TRAV8-3	TRAV8-3*01	AE000659	F	AQSVTQPDIHITVSEGASLELRCNYSYGATPYLFWYVQSPGQGLQLLLKYFSGDTLVQGIKGFEAEFKRSQSSFNLRKPSVHWSDAAEYFCAVG
Homosap	TRAV8-3	TRAV8-3*02	M35617	(F)	AQSVTQPDIHITVSEGASLELRCNYSYGATPYLFWYVQSPGQGLQLLLKYFSGDTLVQGIKGFEAEFKRSQSSFNLRKPSVHWSDAAEYFCAVV
Homosap	TRAV8-3	TRAV8-3*03	L06885	(F)	AQSVTQPDIHITVSEGASLELRCNYSYGATPYLFWYVQSPGQGLQLLLKYFSGDTLVQGIKGFEAEFKRSQSSFNLRKPSVHWSDASEYFCA
Homosap	TRAV8-4	TRAV8-4*01	AE000659	F	AQSVTQLGSHVSVSEGALVLLRCNYSSSVPPYLFWYVQYPNQGLQLLLKYTSAATLVKGINGFEAEFKKSETSFHLTKPSAHMSDAAEYFCAVS
Homosap	TRAV8-4	TRAV8-4*02	M12423	(F)	AQSVTQLGSHVSVSEGALVLLRCNYSSSVPPYLFWYVQYPNQGLQLLLKYTSAATLVKGINGFEAEFKKSETSFHLTKPSAHMSDAAEYFCAVS
Homosap	TRAV8-4	TRAV8-4*03	D13077	(F)	AQSVTQLGSHVSVSEGALVLLRCNYSSSVPPYLFWYVQYPNQGLQLLLKYTTGATLVKGINGFEAEFKKSETSFHLTKPSAHMSDAAEYFCA
Homosap	TRAV8-4	TRAV8-4*04	M12959	(F)	AQSVTQLGSHVSVSERALVLLRCNYSSSVPPYLFWYVQYPNQGLQLLLKYTSAATLVKGINGFEAEFKKSETSFHLTKPSAHMSDAAEYFCAVS
Homosap	TRAV8-4	TRAV8-4*05	X63455	(F)	AQSVTQLGSHVSVSEGALVLLRCNYSSSVPPYLFWYVQYPNQGLQLLLKYTSAATLVKGINGFEAEFKKSETSFHLTKPSAHMSDAAEYFCAVS
Homosap	TRAV8-4	TRAV8-4*06	K02777	(F)	GATHYCCPPILFWYVQYPNQGLQLLLKYTSAATLVKGINGFEAEFKKSETSFHLTKPAAHMSDAAEYFCAVS
Homosap	TRAV8-4	TRAV8-4*07	M17665	(F)	VEPYLFWYVQYPNQGLQLLLKYTTGATLVKGINGFEAEFKKSETSFHLTKPSAHMTDPAEYFCAV
Homosap	TRAV8-6	TRAV8-6*01	X02850	F	AQSVTQLDSQVPVFEEAPVELRCNYSSSVSVYLFWYVQYPNQGLQLLLKYLSGSTLVESINGFEAEFNKSQTSFHLRKPSVHISDTAEYFCAVS
Homosap	TRAV8-6	TRAV8-6*02	AE000659	F	AQSVTQLDSQVPVFEEAPVELRCNYSSSVSVYLFWYVQYPNQGLQLLLKYLSGSTLVKGINGFEAEFNKSQTSFHLRKPSVHISDTAEYFCAVS
Homosap	TRAV9-1	TRAV9-1*01	AE000659	F	GDSVVQTEGQVLPSEGDSLIVNCSYETTQYPSLFWYVQYPGEGPQLHLKAMKANDKGRNKGFEAMYRKETTSFHLEKDSVQESDSAVYFCALS
Homosap	TRAV9-2	TRAV9-2*01	AE000659	F	GNSVTQMEGPVTLSEEAFLTINCTYTATGYPSLFWYVQYPGEGLQLLLKATKADDKGSNKGFEATYRKETTSFHLEKGSVQVSDSAVYFCALS
Homosap	TRAV9-2	TRAV9-2*02	IMGT000024	F	GDSVTQMEGPVTLSEEAFLTINCTYTATGYPSLFWYVQYPGEGLQLLLKATKADDKGSNKGFEATYRKETTSFHLEKGSVQVSDSAVYFCALS
Homosap	TRAV9-2	TRAV9-2*03	L06881	(F)	GDSVTQMEGPVTLSEEAFLTINCTYTATGYPSLFWYVQYPGEGLQLLLKATKADDKGSNKGFEATYRKETTSFHLEKGSVQVSDSAVYFCA
Homosap	TRAV9-2	TRAV9-2*04	L06882	(F)	GNSVTQMEGPVTLSEEAFLTINCTYTATGYPSLFWYVQYPGEGLQLLLKATKADDKGSNKGFEATYRKETTSFHLEKGSVQVSDSAVYFCA